{
  "num_components": 768,
  "cumulative_variance": [
    0.10658742179019487,
    0.18945513634630684,
    0.24780304092630256,
    0.27976275316236854,
    0.30286662262550185,
    0.325257838209258,
    0.34400415266972384,
    0.36033427095531684,
    0.3752615625616583,
    0.3889711218368159,
    0.4024889149367788,
    0.41511412312499985,
    0.42728305730594135,
    0.43892797913173187,
    0.44937200579367864,
    0.45973860767051794,
    0.46936119767340895,
    0.4781732025846208,
    0.48669042954366976,
    0.4949075399655791,
    0.5027983516836559,
    0.5104700716745273,
    0.5176359190991269,
    0.5244803488882066,
    0.5309565391662829,
    0.5373126109980686,
    0.5435010792947598,
    0.5493512864392669,
    0.555092158546034,
    0.5605603265069392,
    0.5658293535644988,
    0.571043465612064,
    0.5760440175278537,
    0.5809772670525202,
    0.5857356139056772,
    0.5903952290944984,
    0.5947849436408429,
    0.5991111272701091,
    0.603360161817981,
    0.6074066168181084,
    0.6114088412750409,
    0.6153457788316848,
    0.6191678023051519,
    0.6229458205077295,
    0.6266614915637925,
    0.6303133047868396,
    0.6338978133290999,
    0.6374189762188586,
    0.6408834267903664,
    0.644225736928362,
    0.6475250038648971,
    0.6507068827620942,
    0.6538225432333611,
    0.6568922491606223,
    0.65990226947115,
    0.6628919179054317,
    0.6658168183996531,
    0.6686320905344787,
    0.6714030740980869,
    0.6740994648464732,
    0.6767798057875994,
    0.6793883237234783,
    0.6819822543644398,
    0.6844806804211875,
    0.6869581040082551,
    0.6894079090174884,
    0.6918427217121432,
    0.6942295472843156,
    0.6965872211883792,
    0.6989177678666637,
    0.70118058678454,
    0.7034335839501533,
    0.7056230896835312,
    0.7077881106909446,
    0.7098834865432587,
    0.7119596692758708,
    0.7140065957991301,
    0.716024201747534,
    0.7180053691270923,
    0.719961687337621,
    0.7219082444258432,
    0.7238180028381307,
    0.7257162634591584,
    0.7275848020991201,
    0.7294152358750108,
    0.7312384935038023,
    0.733038345977667,
    0.734824594545738,
    0.7365855268194675,
    0.7383030805898615,
    0.7399932407430523,
    0.7416689686627425,
    0.743335068987483,
    0.744960233626105,
    0.7465777164648678,
    0.7481846853191242,
    0.749762721836958,
    0.7513311607402597,
    0.7528707851245381,
    0.7544076044477956,
    0.7559324285948211,
    0.757428642998863,
    0.7589070305977389,
    0.760355816311422,
    0.7617953960825532,
    0.7632304260387448,
    0.764654254358374,
    0.7660601319447874,
    0.7674481266083937,
    0.768819790335375,
    0.7701770858824938,
    0.7715232783635627,
    0.7728585701658943,
    0.7741836153297372,
    0.7755031046568258,
    0.7768058933459727,
    0.7780957456441895,
    0.7793637786019035,
    0.7806261125048934,
    0.7818803584659852,
    0.7831324988432576,
    0.7843743882732856,
    0.7856067114527302,
    0.7868202223486658,
    0.7880049932671458,
    0.7891880601970195,
    0.7903548939333281,
    0.7915164792460976,
    0.7926711264680625,
    0.793811153309784,
    0.7949319133915056,
    0.7960422865750525,
    0.797149499458169,
    0.7982501653596309,
    0.7993415191831875,
    0.8004234140428048,
    0.8015024798462882,
    0.8025652107436563,
    0.8036202942598762,
    0.8046733576946193,
    0.8057181469324944,
    0.8067511018802448,
    0.8077746786028601,
    0.8087856497086245,
    0.8097939404032619,
    0.8107987403439421,
    0.8117935438324423,
    0.8127829917664825,
    0.8137666360678215,
    0.8147413289568126,
    0.8157004383454632,
    0.816651072147086,
    0.8175976209643567,
    0.8185353129773338,
    0.8194674284864409,
    0.8203943803906893,
    0.8213145959869211,
    0.8222293394576932,
    0.823138458177363,
    0.8240454034871187,
    0.8249451489127343,
    0.8258362246526932,
    0.8267216138396413,
    0.8276044401101162,
    0.828480680295879,
    0.8293459520131319,
    0.8302010529062792,
    0.8310471673996829,
    0.8318903991081711,
    0.8327308363728665,
    0.8335662952979331,
    0.8343980057895097,
    0.8352261362537821,
    0.8360449491211522,
    0.8368614454679405,
    0.8376726989881619,
    0.8384771349835425,
    0.8392742491512544,
    0.8400681633067584,
    0.8408557760810907,
    0.8416418384234733,
    0.8424167108170882,
    0.8431874229751579,
    0.843949998701201,
    0.8447072109625547,
    0.8454604624193746,
    0.846210421604172,
    0.8469546336417821,
    0.8476945068170868,
    0.8484333688621055,
    0.8491686719393193,
    0.8498994235283711,
    0.8506264076425706,
    0.8513514520792215,
    0.852069663565808,
    0.8527821882227097,
    0.8534925439516792,
    0.8542020948521116,
    0.8549063274838572,
    0.8556065726146586,
    0.8563016855209837,
    0.856990170857184,
    0.8576722144654013,
    0.8583511656142985,
    0.859027892796644,
    0.8597020054350573,
    0.8603721371297003,
    0.8610367733042972,
    0.8616999497758796,
    0.8623592742222752,
    0.8630149057771139,
    0.8636679367647165,
    0.8643175427041555,
    0.8649644264634464,
    0.8656063018078823,
    0.8662447831394915,
    0.8668808213291228,
    0.8675088872028003,
    0.8681337954612721,
    0.8687581615318156,
    0.8693788596270885,
    0.8699949042662289,
    0.8706084321764452,
    0.8712184769443054,
    0.8718269441457785,
    0.8724320953265907,
    0.8730342631951478,
    0.8736337956100578,
    0.8742310432535382,
    0.8748225943693074,
    0.8754121386812369,
    0.8759987933076107,
    0.8765807367152727,
    0.8771610228196479,
    0.8777371008780519,
    0.8783118297992872,
    0.8788808791724793,
    0.8794455437826237,
    0.8800078003369582,
    0.8805683300103234,
    0.881127049449984,
    0.8816814719209269,
    0.8822322478469953,
    0.882781582424099,
    0.8833283590552843,
    0.8838726241334688,
    0.884413942738858,
    0.884953069560756,
    0.8854901282002686,
    0.886026720780673,
    0.8865591385333451,
    0.8870900561047065,
    0.8876185665152633,
    0.8881438755000004,
    0.8886642479366611,
    0.8891826078114512,
    0.8896990016061967,
    0.8902126099316199,
    0.8907224748925515,
    0.8912307684311285,
    0.8917381434921942,
    0.8922432239903784,
    0.892744104689706,
    0.8932442915214208,
    0.8937403528641932,
    0.89423573068288,
    0.8947277328102773,
    0.8952175427727151,
    0.8957057281176058,
    0.8961899667072267,
    0.8966723056952697,
    0.8971526405353071,
    0.8976311034909465,
    0.8981085465362794,
    0.8985836453117931,
    0.899055795788284,
    0.8995278508774206,
    0.8999978978796085,
    0.9004637715783765,
    0.9009277680071054,
    0.9013882986084418,
    0.9018479039896449,
    0.902305679475685,
    0.9027612380638602,
    0.9032158697824955,
    0.9036687806752548,
    0.9041196504174314,
    0.9045677146175074,
    0.9050137608343973,
    0.9054558182349997,
    0.9058967635315122,
    0.9063354551167165,
    0.9067734356690457,
    0.9072091143632374,
    0.9076430468279101,
    0.9080743872938182,
    0.9085056322385282,
    0.908934060822398,
    0.9093616746077645,
    0.9097872060198097,
    0.91021061911758,
    0.910631584002603,
    0.9110517026398657,
    0.9114685556777291,
    0.9118842469149044,
    0.9122991769272438,
    0.9127128052710772,
    0.9131229544869505,
    0.9135308383021037,
    0.9139361370805615,
    0.9143385760743828,
    0.9147407192535163,
    0.9151410669442774,
    0.9155406214180036,
    0.9159378172528873,
    0.9163342153745924,
    0.9167270447677128,
    0.9171172181059253,
    0.9175057066451809,
    0.9178934737304956,
    0.918281177578181,
    0.9186660926414297,
    0.9190499254657839,
    0.9194311868312678,
    0.9198111536017975,
    0.9201910426953179,
    0.9205689517359673,
    0.9209452672812978,
    0.9213203871313794,
    0.9216941133828072,
    0.9220650030499418,
    0.9224337152868792,
