Actual\Predicted,BACKGROUND,CONCLUSIONS,METHODS,OBJECTIVE,RESULTS
BACKGROUND,2333,3,129,602,10
CONCLUSIONS,6,4197,27,2,339
METHODS,141,50,9222,120,351
OBJECTIVE,824,0,105,1400,4
RESULTS,49,246,755,11,8652
f1score,0.725660964,0.925774788,0.916608687,0.626678603,0.907441397
