Actual\Predicted,BACKGROUND,CONCLUSIONS,METHODS,OBJECTIVE,RESULTS
BACKGROUND,2398,3,118,549,9
CONCLUSIONS,8,4183,17,2,361
METHODS,172,71,9124,117,400
OBJECTIVE,831,1,101,1393,7
RESULTS,57,262,772,10,8612
f1score,0.732997096,0.920250797,0.911670663,0.632606721,0.901685687
