{
    "title": "Boundary Complexity Distribution",
    "bins": [
        1.2452340867985052,
        1.2952340867985053,
        1.3452340867985053,
        1.3952340867985051,
        1.4452340867985052,
        1.4952340867985052,
        1.5452340867985053,
        1.5952340867985053,
        1.6452340867985051,
        1.6952340867985052,
        1.7452340867985052,
        1.7952340867985053,
        1.8452340867985053,
        1.8952340867985051,
        1.9452340867985054,
        1.9952340867985052,
        2.045234086798505,
        2.0952340867985053,
        2.145234086798505,
        2.1952340867985054,
        2.2452340867985052
    ],
    "counts": [
        0,
        0,
        0,
        0,
        0,
        0,
        0,
        0,
        0,
        0,
        60000,
        0,
        0,
        0,
        0,
        0,
        0,
        0,
        0,
        0
    ]
}