{
    "title": "Boundary Thickness (pixels) Distribution",
    "bins": [
        1.0279707672673624,
        1.0779707672673624,
        1.1279707672673625,
        1.1779707672673623,
        1.2279707672673623,
        1.2779707672673624,
        1.3279707672673624,
        1.3779707672673625,
        1.4279707672673623,
        1.4779707672673623,
        1.5279707672673624,
        1.5779707672673624,
        1.6279707672673625,
        1.6779707672673623,
        1.7279707672673625,
        1.7779707672673624,
        1.8279707672673624,
        1.8779707672673625,
        1.9279707672673623,
        1.9779707672673625,
        2.0279707672673624
    ],
    "counts": [
        0,
        0,
        0,
        0,
        0,
        0,
        0,
        0,
        0,
        0,
        60000,
        0,
        0,
        0,
        0,
        0,
        0,
        0,
        0,
        0
    ]
}