{
    "title": "Boundary Smoothness Distribution",
    "bins": [
        -0.3471945914604496,
        -0.29719459146044963,
        -0.24719459146044961,
        -0.1971945914604496,
        -0.1471945914604496,
        -0.09719459146044962,
        -0.047194591460449575,
        0.0028054085395504136,
        0.0528054085395504,
        0.10280540853955039,
        0.15280540853955038,
        0.20280540853955042,
        0.25280540853955047,
        0.3028054085395504,
        0.35280540853955045,
        0.4028054085395504,
        0.4528054085395504,
        0.5028054085395505,
        0.5528054085395504,
        0.6028054085395504,
        0.6528054085395504
    ],
    "counts": [
        0,
        0,
        0,
        0,
        0,
        0,
        0,
        0,
        0,
        0,
        60000,
        0,
        0,
        0,
        0,
        0,
        0,
        0,
        0,
        0
    ]
}