{
    "classes": [
        "background",
        "boundary",
        "foreground"
    ],
    "mean": [
        0.6474609375,
        0.1875,
        0.1650390625
    ],
    "std": [
        0.0,
        0.0,
        0.0
    ]
}