{
    "counts": [
        1,
        0,
        0,
        3,
        3,
        6,
        3,
        14,
        16,
        21,
        33,
        45,
        64,
        83,
        78,
        145,
        184,
        242,
        288,
        415,
        572,
        719,
        1029,
        1278,
        1737,
        2123,
        2774,
        3555,
        4606,
        5371,
        6026,
        5910,
        5282,
        3678,
        2126,
        982,
        429,
        116,
        29,
        14
    ],
    "bin_edges": [
        0.3857421875,
        0.4483642578125,
        0.510986328125,
        0.5736083984375,
        0.63623046875,
        0.6988525390625,
        0.761474609375,
        0.8240966796875,
        0.88671875,
        0.9493408203125,
        1.011962890625,
        1.0745849609375,
        1.13720703125,
        1.1998291015625,
        1.262451171875,
        1.3250732421875,
        1.3876953125,
        1.4503173828125,
        1.512939453125,
        1.5755615234375,
        1.63818359375,
        1.7008056640625,
        1.763427734375,
        1.8260498046875,
        1.888671875,
        1.9512939453125,
        2.013916015625,
        2.0765380859375,
        2.13916015625,
        2.2017822265625,
        2.264404296875,
        2.3270263671875,
        2.3896484375,
        2.4522705078125,
        2.514892578125,
        2.5775146484375,
        2.64013671875,
        2.7027587890625,
        2.765380859375,
        2.8280029296875,
        2.890625
    ]
}