{
    "r": {
        "counts": [
            0.5496484497856002,
            0.425615243888242,
            0.4750293074927325,
            0.5761230597523539,
            0.6484083383935203,
            0.717275273054421,
            0.7683201865625076,
            0.8364747838772382,
            0.8928810456445015,
            0.9387013677033655,
            1.1920208449251888,
            1.0504982660260158,
            1.106933824674391,
            1.1434857147114614,
            1.1906847292754452,
            1.245761050471696,
            1.277430955357635,
            1.29244263881935,
            1.3052825029169008,
            1.3393176835228764,
            1.6418252911312807,
            1.400946514098726,
            1.4053040745774028,
            1.3974015941253695,
            1.3905461290529275,
            1.3838392103569128,
            1.3627845027775791,
            1.3449191494434427,
            1.3289172829792815,
            1.3082336695038503,
            1.5250652687418975,
            1.2167492072574686,
            1.1583507140643254,
            1.1116676690160783,
            1.060645542760413,
            1.0065146317621534,
            0.9373320848172376,
            0.8943758529432801,
            0.8405867391459838,
            0.7927351310111341,
            0.9078594882951616,
            0.6847955749469519,
            0.6402545168442887,
            0.5850183456764368,
            0.5472954438166082,
            0.48896531006365784,
            0.44910065237151503,
            0.45153363374102945,
            0.4451078463629211,
            1.3189914676123917
        ],
        "bin_edges": [
            0.0,
            0.019999999552965164,
            0.03999999910593033,
            0.05999999865889549,
            0.07999999821186066,
            0.09999999403953552,
            0.11999999731779099,
            0.14000000059604645,
            0.1599999964237213,
            0.17999999225139618,
            0.19999998807907104,
            0.2199999988079071,
            0.23999999463558197,
            0.25999999046325684,
            0.2800000011920929,
            0.29999998211860657,
            0.3199999928474426,
            0.3400000035762787,
            0.35999998450279236,
            0.3799999952316284,
            0.3999999761581421,
            0.41999998688697815,
            0.4399999976158142,
            0.4599999785423279,
            0.47999998927116394,
            0.5,
            0.5199999809265137,
            0.5399999618530273,
            0.5600000023841858,
            0.5799999833106995,
            0.5999999642372131,
            0.6200000047683716,
            0.6399999856948853,
            0.6599999666213989,
            0.6800000071525574,
            0.699999988079071,
            0.7199999690055847,
            0.7400000095367432,
            0.7599999904632568,
            0.7799999713897705,
            0.7999999523162842,
            0.8199999928474426,
            0.8399999737739563,
            0.85999995470047,
            0.8799999952316284,
            0.8999999761581421,
            0.9199999570846558,
            0.9399999976158142,
            0.9599999785423279,
            0.9799999594688416,
            1.0
        ]
    },
    "g": {
        "counts": [
            0.5533496217433279,
            0.42135743129307246,
            0.49082032347068916,
            0.588251966273456,
            0.675742328470835,
            0.7392283944560238,
            0.7968065100182352,
            0.844502129301873,
            0.9149513627487283,
            0.9748048908601473,
            1.243700504702059,
            1.1024025737290983,
            1.1549514128166403,
            1.2052532597017684,
            1.2509582242567294,
            1.284188764232464,
            1.3018450047609185,
            1.336895806213194,
            1.3501945881991808,
            1.3776087356650693,
            1.7000479161482307,
            1.4391398529852226,
            1.4472474739527454,
            1.4124308829380308,
            1.4153019751478566,
            1.412022830984908,
            1.37655404715924,
            1.3533468667391855,
            1.3362805712514603,
            1.3269543904823213,
            1.5345183745846311,
            1.2293078129842883,
            1.1552745392556565,
            1.0979665249072406,
            1.0220322246858833,
            0.9640243568652695,
            0.91376767944687,
            0.8339558734472976,
            0.784112075912548,
            0.7462214147771976,
            0.8145686617294253,
            0.6041997949598265,
            0.5721880456810433,
            0.5332899348820576,
            0.49788133419164105,
            0.4403226855494361,
            0.4019230136047326,
            0.3856839615668884,
            0.385752321007081,
            1.2558665955386012
        ],
        "bin_edges": [
            0.0,
            0.019999999552965164,
            0.03999999910593033,
            0.05999999865889549,
            0.07999999821186066,
            0.09999999403953552,
            0.11999999731779099,
            0.14000000059604645,
            0.1599999964237213,
            0.17999999225139618,
            0.19999998807907104,
            0.2199999988079071,
            0.23999999463558197,
            0.25999999046325684,
            0.2800000011920929,
            0.29999998211860657,
            0.3199999928474426,
            0.3400000035762787,
            0.35999998450279236,
            0.3799999952316284,
            0.3999999761581421,
            0.41999998688697815,
            0.4399999976158142,
            0.4599999785423279,
            0.47999998927116394,
            0.5,
            0.5199999809265137,
            0.5399999618530273,
            0.5600000023841858,
            0.5799999833106995,
            0.5999999642372131,
            0.6200000047683716,
            0.6399999856948853,
            0.6599999666213989,
            0.6800000071525574,
            0.699999988079071,
            0.7199999690055847,
            0.7400000095367432,
            0.7599999904632568,
            0.7799999713897705,
            0.7999999523162842,
            0.8199999928474426,
            0.8399999737739563,
            0.85999995470047,
            0.8799999952316284,
            0.8999999761581421,
            0.9199999570846558,
            0.9399999976158142,
            0.9599999785423279,
            0.9799999594688416,
            1.0
        ]
    },