Actual\Predicted,background,conclusions,methods,objective,results
background,2231,4,129,700,13
conclusions,6,4197,30,1,337
methods,146,51,9103,121,463
objective,835,2,99,1386,11
results,37,324,683,11,8658
f1score,0.704674668,0.91747732,0.91358892,0.608963093,0.902109924
