Actual\Predicted,background,conclusions,methods,objective,results
background,2429,3,120,518,7
conclusions,5,4293,11,1,261
methods,171,111,9124,104,374
objective,847,1,84,1394,7
results,50,462,883,3,8315
f1score,0.738410093,0.90943756,0.907589774,0.640477831,0.890399957
