Actual\Predicted,background,conclusions,methods,objective,results
background,2253,3,78,737,6
conclusions,0,4368,9,3,191
methods,136,78,9202,93,375
objective,773,0,60,1495,5
results,17,382,592,2,8720
f1score,0.720268542,0.929164008,0.928322825,0.6412181,0.917411888
