{
    "counts": [
        1,
        1,
        3,
        4,
        8,
        7,
        14,
        26,
        45,
        47,
        110,
        108,
        156,
        203,
        254,
        342,
        373,
        494,
        573,
        600,
        698,
        780,
        827,
        967,
        992,
        976,
        980,
        1052,
        927,
        898,
        718,
        712,
        575,
        511,
        578,
        590,
        468,
        302,
        95,
        19
    ],
    "bin_edges": [
        8.767578125,
        10.1630859375,
        11.55859375,
        12.9541015625,
        14.349609375,
        15.7451171875,
        17.140625,
        18.5361328125,
        19.931640625,
        21.3271484375,
        22.72265625,
        24.1181640625,
        25.513671875,
        26.9091796875,
        28.3046875,
        29.7001953125,
        31.095703125,
        32.4912109375,
        33.88671875,
        35.2822265625,
        36.677734375,
        38.0732421875,
        39.46875,
        40.8642578125,
        42.259765625,
        43.6552734375,
        45.05078125,
        46.4462890625,
        47.841796875,
        49.2373046875,
        50.6328125,
        52.0283203125,
        53.423828125,
        54.8193359375,
        56.21484375,
        57.6103515625,
        59.005859375,
        60.4013671875,
        61.796875,
        63.1923828125,
        64.587890625
    ],
    "Mean_size": 44.61889668503068,
    "Min_size": 8.767578125,
    "Max_size": 64.587890625,
    "total_size": 760038.2861328125
}