{
    "r": {
        "counts": [
            0.5556933717957148,
            0.41782227496405555,
            0.49441407355101574,
            0.5672461064289385,
            0.6408595086937118,
            0.7040330877249842,
            0.7637987029286365,
            0.8233595467661866,
            0.8849611221172767,
            0.932539257042849,
            1.1825384281369535,
            1.0334377155919077,
            1.0897267898347238,
            1.140692747459726,
            1.167579238490332,
            1.2062005248186156,
            1.2696086939288231,
            1.3224817299668596,
            1.327919209523625,
            1.3496790215292183,
            1.6490030216558458,
            1.4015129200448821,
            1.4232044822735617,
            1.4096183844467722,
            1.4098234624617598,
            1.3933021100064373,
            1.3828528812912761,
            1.3758858835625625,
            1.3570325441670839,
            1.334600882149584,
            1.5512566219136033,
            1.247403533366712,
            1.1851964427914075,
            1.1285914628440297,
            1.0689853944639154,
            1.0134677633931763,
            0.9584843857008747,
            0.9094832892258541,
            0.8352351715423312,
            0.7865730157594831,
            0.8693537069543578,
            0.6601568795746608,
            0.625410752688172,
            0.5771667990880508,
            0.5347954318956679,
            0.4954496912476456,
            0.45950102191956366,
            0.4374125265240922,
            0.44880902176763704,
            1.195837420316202
        ],
        "bin_edges": [
            0.0,
            0.019999999552965164,
            0.03999999910593033,
            0.05999999865889549,
            0.07999999821186066,
            0.09999999403953552,
            0.11999999731779099,
            0.14000000059604645,
            0.1599999964237213,
            0.17999999225139618,
            0.19999998807907104,
            0.2199999988079071,
            0.23999999463558197,
            0.25999999046325684,
            0.2800000011920929,
            0.29999998211860657,
            0.3199999928474426,
            0.3400000035762787,
            0.35999998450279236,
            0.3799999952316284,
            0.3999999761581421,
            0.41999998688697815,
            0.4399999976158142,
            0.4599999785423279,
            0.47999998927116394,
            0.5,
            0.5199999809265137,
            0.5399999618530273,
            0.5600000023841858,
            0.5799999833106995,
            0.5999999642372131,
            0.6200000047683716,
            0.6399999856948853,
            0.6599999666213989,
            0.6800000071525574,
            0.699999988079071,
            0.7199999690055847,
            0.7400000095367432,
            0.7599999904632568,
            0.7799999713897705,
            0.7999999523162842,
            0.8199999928474426,
            0.8399999737739563,
            0.85999995470047,
            0.8799999952316284,
            0.8999999761581421,
            0.9199999570846558,
            0.9399999976158142,
            0.9599999785423279,
            0.9799999594688416,
            1.0
        ]
    },
    "g": {
        "counts": [
            0.52077149601515,
            0.3947070400723898,
            0.4741406355978691,
            0.5705664190031533,
            0.6540333395669871,
            0.7094920712051871,
            0.7791795597825175,
            0.8465431453526622,
            0.9139748000450015,
            0.9729201248419546,
            1.2414348809174343,
            1.0921486653399664,
            1.1473537549816455,
            1.2051263066448714,
            1.2455773597501372,
            1.294071571430913,
            1.3336418627037547,
            1.348917302052786,
            1.3805168375580585,
            1.4090052499821186,
            1.7331143046600377,
            1.4738468656169301,
            1.4829213360989915,
            1.4634855430501765,
            1.4336125122003192,
            1.4190247907874973,
            1.3971693011944784,
            1.3916182735549627,
            1.3479407386214626,
            1.3209289941110556,
            1.5403386752894546,
            1.2158019407290848,
            1.1261827146365306,
            1.0927028636993548,
            1.0317490308275516,
            0.9644735760436782,
            0.8778400178813572,
            0.8215046896979235,
            0.7738581598836517,
            0.7465729776124741,
            0.792986674216573,
            0.6022369024628662,
            0.5712993729585389,
            0.5268348698386207,
            0.48427780559330524,
            0.44579144076484756,
            0.4259561680251531,
            0.39460975132918485,
            0.4035355410914813,
            1.1636597511511124
        ],
        "bin_edges": [
            0.0,
            0.019999999552965164,
            0.03999999910593033,
            0.05999999865889549,
            0.07999999821186066,
            0.09999999403953552,
            0.11999999731779099,
            0.14000000059604645,
            0.1599999964237213,
            0.17999999225139618,
            0.19999998807907104,
            0.2199999988079071,
            0.23999999463558197,
            0.25999999046325684,
            0.2800000011920929,
            0.29999998211860657,
            0.3199999928474426,
            0.3400000035762787,
            0.35999998450279236,
            0.3799999952316284,
            0.3999999761581421,
            0.41999998688697815,
            0.4399999976158142,
            0.4599999785423279,
            0.47999998927116394,
            0.5,
            0.5199999809265137,
            0.5399999618530273,
            0.5600000023841858,
            0.5799999833106995,
            0.5999999642372131,
            0.6200000047683716,
            0.6399999856948853,
            0.6599999666213989,
            0.6800000071525574,
            0.699999988079071,
            0.7199999690055847,
            0.7400000095367432,
            0.7599999904632568,
            0.7799999713897705,
            0.7999999523162842,
            0.8199999928474426,
            0.8399999737739563,
            0.85999995470047,
            0.8799999952316284,
            0.8999999761581421,
            0.9199999570846558,
            0.9399999976158142,
            0.9599999785423279,
            0.9799999594688416,
            1.0
        ]
    },