{
  "model_name": "XGBoost_Balanced",
  "split": "test",
  "threshold": 0.69,
  "metrics": {
    "accuracy": 0.84566,
    "balanced_accuracy": 0.7368,
    "precision": 0.32683,
    "recall": 0.60268,
    "f1": 0.42382,
    "roc_auc": 0.85113,
    "pr_auc": 0.37329
  },
  "confusion_matrix": {
    "labels": [
      "No Heart Disease",
      "Heart Disease"
    ],
    "matrix": [
      [
        30019,
        4449
      ],
      [
        1424,
        2160
      ]
    ]
  },
  "roc_curve": {
    "fpr": [
      0.0,
      0.00671,
      0.01342,
      0.02013,
      0.02685,
      0.03356,
      0.04027,
      0.04698,
      0.05369,
      0.0604,
      0.06711,
      0.07383,
      0.08054,
      0.08725,
      0.09396,
      0.10067,
      0.10738,
      0.11409,
      0.12081,
      0.12752,
      0.13423,
      0.14094,
      0.14765,
      0.15436,
      0.16107,
      0.16779,
      0.1745,
      0.18121,
      0.18792,
      0.19463,
      0.20134,
      0.20805,
      0.21477,
      0.22148,
      0.22819,
      0.2349,
      0.24161,
      0.24832,
      0.25503,
      0.26174,
      0.26846,
      0.27517,
      0.28188,
      0.28859,
      0.2953,
      0.30201,
      0.30872,
      0.31544,
      0.32215,
      0.32886,
      0.33557,
      0.34228,
      0.34899,
      0.3557,
      0.36242,
      0.36913,
      0.37584,
      0.38255,
      0.38926,
      0.39597,
      0.40268,
      0.4094,
      0.41611,
      0.42282,
      0.42953,
      0.43624,
      0.44295,
      0.44966,
      0.45638,
      0.46309,
      0.4698,
      0.47651,
      0.48322,
      0.48993,
      0.49664,
      0.50336,
      0.51007,
      0.51678,
      0.52349,
      0.5302,
      0.53691,
      0.54362,
      0.55034,
      0.55705,
      0.56376,
      0.57047,
      0.57718,
      0.58389,
      0.5906,
      0.59732,
      0.60403,
      0.61074,
      0.61745,
      0.62416,
      0.63087,
      0.63758,
      0.6443,
      0.65101,
      0.65772,
      0.66443,
      0.67114,
      0.67785,
      0.68456,
      0.69128,
      0.69799,
      0.7047,
      0.71141,
      0.71812,
      0.72483,
      0.73154,
      0.73826,
      0.74497,
      0.75168,
      0.75839,
      0.7651,
      0.77181,
      0.77852,
      0.78523,
      0.79195,
      0.79866,
      0.80537,
      0.81208,
      0.81879,
      0.8255,
      0.83221,
      0.83893,
      0.84564,
      0.85235,
      0.85906,
      0.86577,
      0.87248,
      0.87919,
      0.88591,
      0.89262,
      0.89933,
      0.90604,
      0.91275,
      0.91946,
      0.92617,
      0.93289,
      0.9396,
      0.94631,
      0.95302,
      0.95973,
      0.96644,
      0.97315,
      0.97987,
      0.98658,
      0.99329,
      1.0
    ],
    "tpr": [
      0.0,
      0.08259,
      0.14146,
      0.19169,
      0.23354,
      0.27623,
      0.31445,
      0.34431,
      0.37277,
      0.40011,
      0.42327,
      0.44643,
      0.47042,
      0.49051,
      0.50837,
      0.53013,
      0.54827,
      0.5639,
      0.58371,
      0.59766,
      0.61523,
      0.63058,
      0.64118,
      0.65653,
      0.6702,
      0.68136,
      0.6928,
      0.70368,
      0.71317,
      0.72433,
      0.73326,
      0.74442,
      0.75363,
      0.76479,
      0.77204,
      0.78013,
      0.78823,
      0.79492,
      0.80357,
      0.8111,
      0.81669,
      0.82422,
      0.83092,
      0.83622,
      0.84487,
      0.85073,
      0.85519,
      0.86217,
      0.86747,
      0.87221,
      0.87695,
      0.88142,
      0.88504,
      0.88895,
      0.89202,
      0.89621,
      0.90039,
      0.90513,
      0.91016,
      0.91295,
      0.91546,
      0.91881,
      0.92076,
      0.92383,
      0.92606,
      0.92885,
      0.93136,
      0.93443,
      0.9361,
      0.93834,
      0.94141,
      0.94336,
      0.94503,
      0.94727,
      0.9481,
      0.94894,
      0.95117,
      0.9534,
      0.95508,
      0.95731,
      0.95815,
      0.96038,
      0.96233,
      0.96373,
      0.9654,
      0.96624,
      0.96819,
      0.96931,
      0.97126,
      0.97238,
      0.97294,
      0.97349,
      0.97433,
      0.97628,
      0.9774,
      0.97852,
      0.97935,
      0.98075,
      0.98214,
      0.98242,
      0.98242,
      0.98298,
      0.98354,
      0.98382,
      0.98382,
      0.98521,
      0.98633,
      0.98689,
      0.98744,
      0.988,
      0.98856,
      0.98884,
      0.9894,
      0.99051,
      0.99095,
      0.99219,
      0.99219,
      0.99302,
      0.99442,
      0.9947,
      0.99526,
      0.99581,
      0.99609,
      0.99609,
      0.99609,
      0.99637,
      0.99637,
      0.99637,
      0.99665,
      0.99777,
      0.99777,
      0.99777,
      0.99777,
      0.99777,
      0.99805,
      0.9986,
      0.99888,
      0.99888,
      0.99888,
      0.99888,
      0.99916,
      0.99944,
      0.99944,
      0.99972,
      1.0,
      1.0,
      1.0,
      1.0,
      1.0,
      1.0
    ]
  },
  "pr_curve": {
    "recall": [
      0.0,
      0.00671,
      0.01342,
      0.02013,
      0.02685,
      0.03356,
      0.04027,
      0.04698,
      0.05369,
      0.0604,
      0.06711,
      0.07383,
      0.08054,
      0.08725,
      0.09396,
      0.10067,
      0.10738,
      0.11409,
      0.12081,
      0.12752,
      0.13423,
      0.14094,
      0.14765,
      0.15436,
      0.16107,
      0.16779,
      0.1745,
      0.18121,
      0.18792,
      0.19463,
      0.20134,
      0.20805,
      0.21477,
      0.22148,
      0.22819,
      0.2349,
      0.24161,
      0.24832,
      0.25503,
      0.26174,
      0.26846,
      0.27517,
      0.28188,
      0.28859,
      0.2953,
      0.30201,
      0.30872,
      0.31544,
      0.32215,
      0.32886,
      0.33557,
      0.34228,
      0.34899,
      0.3557,
      0.36242,
      0.36913,
      0.37584,
      0.38255,
      0.38926,
      0.39597,
      0.40268,
      0.4094,
      0.41611,
      0.42282,
      0.42953,
      0.43624,
      0.44295,
      0.44966,
      0.45638,
      0.46309,
      0.4698,
      0.47651,
      0.48322,
      0.48993,
      0.49664,
      0.50336,
      0.51007,
      0.51678,
      0.52349,
      0.5302,
      0.53691,
      0.54362,
      0.55034,
      0.55705,
      0.56376,
      0.57047,
      0.57718,
      0.58389,
      0.5906,
      0.59732,
      0.60403,
      0.61074,
      0.61745,
      0.62416,
      0.63087,
      0.63758,
      0.6443,
      0.65101,
      0.65772,
      0.66443,
      0.67114,
      0.67785,
      0.68456,
      0.69128,
      0.69799,
      0.7047,
      0.71141,
      0.71812,
      0.72483,
      0.73154,
      0.73826,
      0.74497,
      0.75168,
      0.75839,
      0.7651,
      0.77181,
      0.77852,
      0.78523,
      0.79195,
      0.79866,
      0.80537,
      0.81208,
      0.81879,
      0.8255,
      0.83221,
      0.83893,
      0.84564,
      0.85235,
      0.85906,
      0.86577,
      0.87248,
      0.87919,
      0.88591,
      0.89262,
      0.89933,
      0.90604,
      0.91275,
      0.91946,
      0.92617,
      0.93289,
      0.9396,
      0.94631,
      0.95302,
      0.95973,
      0.96644,
      0.97315,
      0.97987,
      0.98658,
      0.99329,
      1.0
    ],