{
    "r": {
        "counts": [
            1.5079163682071084,
            0.9102808318897294,
            0.9726859672131644,
            1.0374808905364437,
            1.0895930605338666,
            1.1395432204209432,
            1.1746289130117868,
            1.2053852961058256,
            1.2347605015324403,
            1.2633785719159003,
            1.5294690456002962,
            1.2894924565090893,
            1.2995137835359256,
            1.305954138398444,
            1.3049711504485924,
            1.30296406506622,
            1.2952207257889485,
            1.2842835509999722,
            1.2737959525244393,
            1.2576863477012292,
            1.48726123979845,
            1.2062575241502838,
            1.184704772998535,
            1.159043343483046,
            1.1325049728341334,
            1.1000199824153967,
            1.0634895346308182,
            1.0311606175636894,
            1.0015255884200471,
            0.9713204814892126,
            1.1347129029258218,
            0.9115384570021414,
            0.8876174361025435,
            0.8606077106480138,
            0.8279378511264316,
            0.7927054355108756,
            0.765171440407184,
            0.7401838611877052,
            0.7060754900114684,
            0.6704863297954902,
            0.767728035991401,
            0.601434326761246,
            0.5689018100853102,
            0.5351043444703576,
            0.5063834150039388,
            0.47193623610663066,
            0.43360084322155157,
            0.4199651246808716,
            0.42930107108432386,
            0.9523137189969045
        ],
        "bin_edges": [
            0.0,
            0.019999999552965164,
            0.03999999910593033,
            0.05999999865889549,
            0.07999999821186066,
            0.09999999403953552,
            0.11999999731779099,
            0.14000000059604645,
            0.1599999964237213,
            0.17999999225139618,
            0.19999998807907104,
            0.2199999988079071,
            0.23999999463558197,
            0.25999999046325684,
            0.2800000011920929,
            0.29999998211860657,
            0.3199999928474426,
            0.3400000035762787,
            0.35999998450279236,
            0.3799999952316284,
            0.3999999761581421,
            0.41999998688697815,
            0.4399999976158142,
            0.4599999785423279,
            0.47999998927116394,
            0.5,
            0.5199999809265137,
            0.5399999618530273,
            0.5600000023841858,
            0.5799999833106995,
            0.5999999642372131,
            0.6200000047683716,
            0.6399999856948853,
            0.6599999666213989,
            0.6800000071525574,
            0.699999988079071,
            0.7199999690055847,
            0.7400000095367432,
            0.7599999904632568,
            0.7799999713897705,
            0.7999999523162842,
            0.8199999928474426,
            0.8399999737739563,
            0.85999995470047,
            0.8799999952316284,
            0.8999999761581421,
            0.9199999570846558,
            0.9399999976158142,
            0.9599999785423279,
            0.9799999594688416,
            1.0
        ]
    },
    "g": {
        "counts": [
            1.1493754242874814,
            0.7428972184545366,
            0.8039630680337504,
            0.8627692715165388,
            0.9283111391327337,
            0.9843740414546436,
            1.0355283698044895,
            1.0720671480766557,
            1.1090121095467305,
            1.1464021045917892,
            1.4000686048120203,
            1.1966464549970468,
            1.211998219998144,
            1.216712118350676,
            1.2313340824549548,
            1.2416622803490192,
            1.2395331759426902,
            1.2374067126085109,
            1.2382588622130202,
            1.2408087407253867,
            1.4821490375025836,
            1.2314079810029153,
            1.2158342271119162,
            1.1987352067569979,
            1.175391987455297,
            1.1598334960906613,
            1.1378442770971489,
            1.1130936466747212,
            1.0892259670193807,
            1.0680640367612606,
            1.2473645400644275,
            1.006895690799029,
            0.9816381730891341,
            0.9537731787305515,
            0.9353383043167914,
            0.9152848732025534,
            0.8866663313080972,
            0.8590200714575223,
            0.8391418238649441,
            0.7995684841478256,
            0.9124046799769245,
            0.720680693672219,
            0.6808964959733983,
            0.6350411636262784,
            0.590357506567465,
            0.5374373349253871,
            0.4862842903458005,
            0.46016765026588563,
            0.44223276390164107,
            0.9490956531332974
        ],
        "bin_edges": [
            0.0,
            0.019999999552965164,
            0.03999999910593033,
            0.05999999865889549,
            0.07999999821186066,
            0.09999999403953552,
            0.11999999731779099,
            0.14000000059604645,
            0.1599999964237213,
            0.17999999225139618,
            0.19999998807907104,
            0.2199999988079071,
            0.23999999463558197,
            0.25999999046325684,
            0.2800000011920929,
            0.29999998211860657,
            0.3199999928474426,
            0.3400000035762787,
            0.35999998450279236,
            0.3799999952316284,
            0.3999999761581421,
            0.41999998688697815,
            0.4399999976158142,
            0.4599999785423279,
            0.47999998927116394,
            0.5,
            0.5199999809265137,
            0.5399999618530273,
            0.5600000023841858,
            0.5799999833106995,
            0.5999999642372131,
            0.6200000047683716,
            0.6399999856948853,
            0.6599999666213989,
            0.6800000071525574,
            0.699999988079071,
            0.7199999690055847,
            0.7400000095367432,
            0.7599999904632568,
            0.7799999713897705,
            0.7999999523162842,
            0.8199999928474426,
            0.8399999737739563,
            0.85999995470047,
            0.8799999952316284,
            0.8999999761581421,
            0.9199999570846558,
            0.9399999976158142,
            0.9599999785423279,
            0.9799999594688416,
            1.0
        ]
    },